Name,english,maths,science,Average,Passed
sinan,95,85,90,90.0,True
regdhan,65,76,85,75.33333333333333,True
vyshak,45,96,100,80.33333333333333,True
almas,75,46,35,52.0,True
abin,65,49,85,66.33333333333333,True
salam,99,90,93,94.0,True
shahas,35,49,48,44.0,True
shamil,100,56,85,80.33333333333333,True
ut,15,46,25,28.666666666666668,False
nehala,85,86,100,90.33333333333333,True
